{"data":{"sample":{"sample_rate":1,"include_users":[],"sample_granularity":"session","rules":[{"name":"js_error","enable":true,"sample_rate":1,"conditional_sample_rules":[]},{"name":"http","enable":true,"sample_rate":1,"conditional_sample_rules":[]},{"name":"performance","enable":true,"sample_rate":1,"conditional_sample_rules":[]},{"name":"resource_error","enable":true,"sample_rate":1,"conditional_sample_rules":[]},{"name":"resource","enable":true,"sample_rate":0.1,"conditional_sample_rules":[]},{"name":"custom","enable":true,"sample_rate":1,"conditional_sample_rules":[]},{"name":"performance_timing","enable":true,"sample_rate":1,"conditional_sample_rules":[]},{"name":"performance_longtask","enable":true,"sample_rate":0.01,"conditional_sample_rules":[]},{"name":"pageview","enable":true,"sample_rate":1,"conditional_sample_rules":[]},{"name":"action","enable":true,"sample_rate":0.01,"conditional_sample_rules":[]},{"name":"blank_screen","enable":true,"sample_rate":1,"conditional_sample_rules":[]}]},"user_id":"4b5ee20d-fd18-ec1a-fbdb-e05b4b4b3580","plugins":{"heatmap":{"open_list":[],"url":"https://sf16-short-va.bytedapm.com/slardar/heatmap/resource/heatmap.maliva.js"}},"quota_rate":1,"timestamp":1685858111251},"errmsg":"success","errno":200}